Referer (link on this page),Link,Error
"https://docs.ergoplatform.com/eco/nightowl/","https://nightowlcasino.io/",error sending request for url (https://nightowlcasino.io/): operation timed out
"https://docs.ergoplatform.com/eco/nightowl/","https://www.nightowlcasino.io/",error sending request for url (https://www.nightowlcasino.io/): operation timed out
"https://docs.ergoplatform.com/dev/scs/sigma/","https://crypto.sjtu.edu.cn/~yandi/2018%20BIU%20winter%20school/Part%203-Techniques%20for%20Efficient%20ZK%20(cont.)/WS-19-11-sigma-protocols-winter-school-2019-1.pdf",error sending request for url (https://crypto.sjtu.edu.cn/~yandi/2018%20BIU%20winter%20school/Part%203-Techniques%20for%20Efficient%20ZK%20(cont.)/WS-19-11-sigma-protocols-winter-school-2019-1.pdf): operation timed out
"https://docs.ergoplatform.com/dev/scs/sigma/","https://crypto.sjtu.edu.cn/~yandi/2018%20BIU%20winter%20school/Part%203-Techniques%20for%20Efficient%20ZK%20(cont.)/WS-19-11-sigma-protocols-winter-school-2019-1.pdf",error sending request for url (https://crypto.sjtu.edu.cn/~yandi/2018%20BIU%20winter%20school/Part%203-Techniques%20for%20Efficient%20ZK%20(cont.)/WS-19-11-sigma-protocols-winter-school-2019-1.pdf): operation timed out
"https://docs.ergoplatform.com/dev/scs/ergoscript-primer/","https://insights.dice.com/2020/06/04/24-programming-languages-pay-top-salaries-scala/",error sending request for url (https://insights.dice.com/2020/06/04/24-programming-languages-pay-top-salaries-scala/): error trying to connect: bad protocol version
"https://docs.ergoplatform.com/dev/scs/ergoscript-primer/","https://insights.dice.com/2020/06/04/24-programming-languages-pay-top-salaries-scala/",error sending request for url (https://insights.dice.com/2020/06/04/24-programming-languages-pay-top-salaries-scala/): error trying to connect: bad protocol version
"https://docs.ergoplatform.com/dev/lib/plasma/","https://www.ergoforum.org/t/offchain-bank-operating-at-layer-2/3367",error sending request for url (https://www.ergoforum.org/t/offchain-bank-operating-at-layer-2/3367): connection closed before message completed
"https://docs.ergoplatform.com/dev/stack/mosaik/tutorial5/","http://localhost:8080/#send",error sending request for url (http://localhost:8080/#send): error trying to connect: tcp connect error: Connection refused (os error 61)
"https://docs.ergoplatform.com/dev/stack/mosaik/tutorial5/","http://localhost:8080/",error sending request for url (http://localhost:8080/): error trying to connect: tcp connect error: Connection refused (os error 61)
"https://docs.ergoplatform.com/dev/stack/mosaik/tutorial4/","http://192.178.0.10:8080/",error sending request for url (http://192.178.0.10:8080/): operation timed out
"https://docs.ergoplatform.com/dev/stack/mosaik/tutorial4/","http://localhost:8080/",error sending request for url (http://localhost:8080/): error trying to connect: tcp connect error: Connection refused (os error 61)
"https://docs.ergoplatform.com/dev/stack/mosaik/tutorial2/","http://localhost:8080/",error sending request for url (http://localhost:8080/): error trying to connect: tcp connect error: Connection refused (os error 61)
"https://docs.ergoplatform.com/dev/stack/explorer/graphql/","https://ergo-explorer.getblok.io/graphql",error sending request for url (https://ergo-explorer.getblok.io/graphql): error trying to connect: dns error: failed to lookup address information: nodename nor servname provided, or not known
"https://docs.ergoplatform.com/node/swagger/","http://127.0.0.1:9053/swagger#/wallet/walletAddresses",error sending request for url (http://127.0.0.1:9053/swagger#/wallet/walletAddresses): error trying to connect: tcp connect error: Connection refused (os error 61)
"https://docs.ergoplatform.com/node/swagger/","http://127.0.0.1:9052/",error sending request for url (http://127.0.0.1:9052/): error trying to connect: tcp connect error: Connection refused (os error 61)
"https://docs.ergoplatform.com/node/swagger/","http://127.0.0.1:9053/swagger",error sending request for url (http://127.0.0.1:9053/swagger): error trying to connect: tcp connect error: Connection refused (os error 61)
"https://docs.ergoplatform.com/node/wallet/","http://127.0.0.1:9053/panel",error sending request for url (http://127.0.0.1:9053/panel): error trying to connect: tcp connect error: Connection refused (os error 61)
"https://docs.ergoplatform.com/node/install/node-android/","http://127.0.0.1:9053/",error sending request for url (http://127.0.0.1:9053/): error trying to connect: tcp connect error: Connection refused (os error 61)
"https://docs.ergoplatform.com/node/install/node-faq/","https://ergonodes.net/",error sending request for url (https://ergonodes.net/): operation timed out
"https://docs.ergoplatform.com/node/swagger/","http://127.0.0.1:9053/swagger#/wallet/walletAddresses",error sending request for url (http://127.0.0.1:9053/swagger#/wallet/walletAddresses): error trying to connect: tcp connect error: Connection refused (os error 61)
"https://docs.ergoplatform.com/node/swagger/","http://127.0.0.1:9052/",error sending request for url (http://127.0.0.1:9052/): error trying to connect: tcp connect error: Connection refused (os error 61)
"https://docs.ergoplatform.com/node/swagger/","http://127.0.0.1:9053/swagger",error sending request for url (http://127.0.0.1:9053/swagger): error trying to connect: tcp connect error: Connection refused (os error 61)
"https://docs.ergoplatform.com/node/wallet/","http://127.0.0.1:9053/panel",error sending request for url (http://127.0.0.1:9053/panel): error trying to connect: tcp connect error: Connection refused (os error 61)
"https://docs.ergoplatform.com/node/install/manual/","http://127.0.0.1:9053/info",error sending request for url (http://127.0.0.1:9053/info): error trying to connect: tcp connect error: Connection refused (os error 61)
"https://docs.ergoplatform.com/node/install/manual/","http://127.0.0.1:9053/swagger#/utils/hashBlake2b",error sending request for url (http://127.0.0.1:9053/swagger#/utils/hashBlake2b): error trying to connect: tcp connect error: Connection refused (os error 61)
"https://docs.ergoplatform.com/dev/Integration/guide/","https://127.0.0.1:9053/panel",error sending request for url (https://127.0.0.1:9053/panel): error trying to connect: tcp connect error: Connection refused (os error 61)
"https://docs.ergoplatform.com/mining/log_space/","https://ergocast.io/episode/NIPoPoWs-ergo-cast-episode-5/",error sending request for url (https://ergocast.io/episode/NIPoPoWs-ergo-cast-episode-5/): operation timed out
"https://docs.ergoplatform.com/mining/setup/pool/","https://https//github.com/mhssamadani/Autolykos2_NV_Miner",error sending request for url (https://https//github.com/mhssamadani/Autolykos2_NV_Miner): error trying to connect: dns error: failed to lookup address information: nodename nor servname provided, or not known
"https://docs.ergoplatform.com/mining/setup/solo/","https://miningpoolstats.com/ergo",error sending request for url (https://miningpoolstats.com/ergo): error trying to connect: connection closed via error
"https://docs.ergoplatform.com/mining/setup/solo/","https://miningpoolstats.com/ergo",error sending request for url (https://miningpoolstats.com/ergo): error trying to connect: connection closed via error
"https://docs.ergoplatform.com/dev/protocol/nipopow/logspace/","https://ergocast.io/episode/NIPoPoWs-ergo-cast-episode-5/",error sending request for url (https://ergocast.io/episode/NIPoPoWs-ergo-cast-episode-5/): operation timed out
"https://docs.ergoplatform.com/events/ergohack/","https://nightowlcasino.io/",error sending request for url (https://nightowlcasino.io/): operation timed out
"https://docs.ergoplatform.com/events/ergohack/","https://colivingdao.io/",error sending request for url (https://colivingdao.io/): error trying to connect: connection closed via error
"https://docs.ergoplatform.com/events/ergohack/","https://nightowlcasino.io/",error sending request for url (https://nightowlcasino.io/): operation timed out
"https://docs.ergoplatform.com/events/ergohack/","https://github.com/ObolFlip/obolflip-client/releases/download/0.5.0/obolflip.zip",error decoding response body: operation timed out
